system,method_key,method,series,measurement,value,source_tex
httpd,hebo_dt,HEBO+DepTune,upper,20,44088.36,/home/lhy/constraint-tuning/ConstrainTune-db/RQ1&2parrel-handle/httpd_selected_runs_plot.tex
httpd,hebo_dt,HEBO+DepTune,upper,40,46659.86,/home/lhy/constraint-tuning/ConstrainTune-db/RQ1&2parrel-handle/httpd_selected_runs_plot.tex
httpd,hebo_dt,HEBO+DepTune,upper,60,46551.94,/home/lhy/constraint-tuning/ConstrainTune-db/RQ1&2parrel-handle/httpd_selected_runs_plot.tex
httpd,hebo_dt,HEBO+DepTune,upper,80,46471.61,/home/lhy/constraint-tuning/ConstrainTune-db/RQ1&2parrel-handle/httpd_selected_runs_plot.tex
httpd,hebo_dt,HEBO+DepTune,upper,100,49477.00,/home/lhy/constraint-tuning/ConstrainTune-db/RQ1&2parrel-handle/httpd_selected_runs_plot.tex
httpd,hebo_dt,HEBO+DepTune,upper,120,49477.00,/home/lhy/constraint-tuning/ConstrainTune-db/RQ1&2parrel-handle/httpd_selected_runs_plot.tex
httpd,hebo_dt,HEBO+DepTune,upper,140,49579.03,/home/lhy/constraint-tuning/ConstrainTune-db/RQ1&2parrel-handle/httpd_selected_runs_plot.tex
httpd,hebo_dt,HEBO+DepTune,upper,160,56997.71,/home/lhy/constraint-tuning/ConstrainTune-db/RQ1&2parrel-handle/httpd_selected_runs_plot.tex
httpd,hebo_dt,HEBO+DepTune,upper,180,57435.79,/home/lhy/constraint-tuning/ConstrainTune-db/RQ1&2parrel-handle/httpd_selected_runs_plot.tex
httpd,hebo_dt,HEBO+DepTune,upper,200,57435.79,/home/lhy/constraint-tuning/ConstrainTune-db/RQ1&2parrel-handle/httpd_selected_runs_plot.tex
httpd,hebo_dt,HEBO+DepTune,lower,20,22333.05,/home/lhy/constraint-tuning/ConstrainTune-db/RQ1&2parrel-handle/httpd_selected_runs_plot.tex
httpd,hebo_dt,HEBO+DepTune,lower,40,24257.08,/home/lhy/constraint-tuning/ConstrainTune-db/RQ1&2parrel-handle/httpd_selected_runs_plot.tex
httpd,hebo_dt,HEBO+DepTune,lower,60,25289.87,/home/lhy/constraint-tuning/ConstrainTune-db/RQ1&2parrel-handle/httpd_selected_runs_plot.tex
httpd,hebo_dt,HEBO+DepTune,lower,80,25528.29,/home/lhy/constraint-tuning/ConstrainTune-db/RQ1&2parrel-handle/httpd_selected_runs_plot.tex
httpd,hebo_dt,HEBO+DepTune,lower,100,30850.86,/home/lhy/constraint-tuning/ConstrainTune-db/RQ1&2parrel-handle/httpd_selected_runs_plot.tex
httpd,hebo_dt,HEBO+DepTune,lower,120,30850.86,/home/lhy/constraint-tuning/ConstrainTune-db/RQ1&2parrel-handle/httpd_selected_runs_plot.tex
httpd,hebo_dt,HEBO+DepTune,lower,140,30875.74,/home/lhy/constraint-tuning/ConstrainTune-db/RQ1&2parrel-handle/httpd_selected_runs_plot.tex
httpd,hebo_dt,HEBO+DepTune,lower,160,35974.27,/home/lhy/constraint-tuning/ConstrainTune-db/RQ1&2parrel-handle/httpd_selected_runs_plot.tex
httpd,hebo_dt,HEBO+DepTune,lower,180,36173.12,/home/lhy/constraint-tuning/ConstrainTune-db/RQ1&2parrel-handle/httpd_selected_runs_plot.tex
httpd,hebo_dt,HEBO+DepTune,lower,200,36173.12,/home/lhy/constraint-tuning/ConstrainTune-db/RQ1&2parrel-handle/httpd_selected_runs_plot.tex
httpd,flash,FLASH,upper,20,57875.07,/home/lhy/constraint-tuning/ConstrainTune-db/RQ1&2parrel-handle/httpd_selected_runs_plot.tex
httpd,flash,FLASH,upper,40,57875.07,/home/lhy/constraint-tuning/ConstrainTune-db/RQ1&2parrel-handle/httpd_selected_runs_plot.tex
httpd,flash,FLASH,upper,60,57875.07,/home/lhy/constraint-tuning/ConstrainTune-db/RQ1&2parrel-handle/httpd_selected_runs_plot.tex
httpd,flash,FLASH,upper,80,57875.07,/home/lhy/constraint-tuning/ConstrainTune-db/RQ1&2parrel-handle/httpd_selected_runs_plot.tex
httpd,flash,FLASH,upper,100,57875.07,/home/lhy/constraint-tuning/ConstrainTune-db/RQ1&2parrel-handle/httpd_selected_runs_plot.tex
httpd,flash,FLASH,upper,120,57875.07,/home/lhy/constraint-tuning/ConstrainTune-db/RQ1&2parrel-handle/httpd_selected_runs_plot.tex
httpd,flash,FLASH,upper,140,57875.07,/home/lhy/constraint-tuning/ConstrainTune-db/RQ1&2parrel-handle/httpd_selected_runs_plot.tex
httpd,flash,FLASH,upper,160,57875.07,/home/lhy/constraint-tuning/ConstrainTune-db/RQ1&2parrel-handle/httpd_selected_runs_plot.tex
httpd,flash,FLASH,upper,180,57875.07,/home/lhy/constraint-tuning/ConstrainTune-db/RQ1&2parrel-handle/httpd_selected_runs_plot.tex
httpd,flash,FLASH,upper,200,57875.07,/home/lhy/constraint-tuning/ConstrainTune-db/RQ1&2parrel-handle/httpd_selected_runs_plot.tex
httpd,flash,FLASH,lower,20,12552.79,/home/lhy/constraint-tuning/ConstrainTune-db/RQ1&2parrel-handle/httpd_selected_runs_plot.tex
httpd,flash,FLASH,lower,40,12552.79,/home/lhy/constraint-tuning/ConstrainTune-db/RQ1&2parrel-handle/httpd_selected_runs_plot.tex
httpd,flash,FLASH,lower,60,12552.79,/home/lhy/constraint-tuning/ConstrainTune-db/RQ1&2parrel-handle/httpd_selected_runs_plot.tex
httpd,flash,FLASH,lower,80,12552.79,/home/lhy/constraint-tuning/ConstrainTune-db/RQ1&2parrel-handle/httpd_selected_runs_plot.tex
httpd,flash,FLASH,lower,100,12552.79,/home/lhy/constraint-tuning/ConstrainTune-db/RQ1&2parrel-handle/httpd_selected_runs_plot.tex
httpd,flash,FLASH,lower,120,12552.79,/home/lhy/constraint-tuning/ConstrainTune-db/RQ1&2parrel-handle/httpd_selected_runs_plot.tex
httpd,flash,FLASH,lower,140,12552.79,/home/lhy/constraint-tuning/ConstrainTune-db/RQ1&2parrel-handle/httpd_selected_runs_plot.tex
httpd,flash,FLASH,lower,160,12552.79,/home/lhy/constraint-tuning/ConstrainTune-db/RQ1&2parrel-handle/httpd_selected_runs_plot.tex
httpd,flash,FLASH,lower,180,12552.79,/home/lhy/constraint-tuning/ConstrainTune-db/RQ1&2parrel-handle/httpd_selected_runs_plot.tex
httpd,flash,FLASH,lower,200,12552.79,/home/lhy/constraint-tuning/ConstrainTune-db/RQ1&2parrel-handle/httpd_selected_runs_plot.tex
httpd,promise,PromiseTune,upper,20,27567.64,/home/lhy/constraint-tuning/ConstrainTune-db/RQ1&2parrel-handle/httpd_selected_runs_plot.tex
httpd,promise,PromiseTune,upper,40,35173.64,/home/lhy/constraint-tuning/ConstrainTune-db/RQ1&2parrel-handle/httpd_selected_runs_plot.tex
httpd,promise,PromiseTune,upper,60,37373.27,/home/lhy/constraint-tuning/ConstrainTune-db/RQ1&2parrel-handle/httpd_selected_runs_plot.tex
httpd,promise,PromiseTune,upper,80,43137.93,/home/lhy/constraint-tuning/ConstrainTune-db/RQ1&2parrel-handle/httpd_selected_runs_plot.tex
httpd,promise,PromiseTune,upper,100,46609.53,/home/lhy/constraint-tuning/ConstrainTune-db/RQ1&2parrel-handle/httpd_selected_runs_plot.tex
httpd,promise,PromiseTune,upper,120,49089.81,/home/lhy/constraint-tuning/ConstrainTune-db/RQ1&2parrel-handle/httpd_selected_runs_plot.tex
httpd,promise,PromiseTune,upper,140,51200.36,/home/lhy/constraint-tuning/ConstrainTune-db/RQ1&2parrel-handle/httpd_selected_runs_plot.tex
httpd,promise,PromiseTune,upper,160,51366.99,/home/lhy/constraint-tuning/ConstrainTune-db/RQ1&2parrel-handle/httpd_selected_runs_plot.tex
httpd,promise,PromiseTune,upper,180,52169.59,/home/lhy/constraint-tuning/ConstrainTune-db/RQ1&2parrel-handle/httpd_selected_runs_plot.tex
httpd,promise,PromiseTune,upper,200,52734.13,/home/lhy/constraint-tuning/ConstrainTune-db/RQ1&2parrel-handle/httpd_selected_runs_plot.tex
httpd,promise,PromiseTune,lower,20,18786.32,/home/lhy/constraint-tuning/ConstrainTune-db/RQ1&2parrel-handle/httpd_selected_runs_plot.tex
httpd,promise,PromiseTune,lower,40,24721.30,/home/lhy/constraint-tuning/ConstrainTune-db/RQ1&2parrel-handle/httpd_selected_runs_plot.tex
httpd,promise,PromiseTune,lower,60,27227.28,/home/lhy/constraint-tuning/ConstrainTune-db/RQ1&2parrel-handle/httpd_selected_runs_plot.tex
httpd,promise,PromiseTune,lower,80,29591.25,/home/lhy/constraint-tuning/ConstrainTune-db/RQ1&2parrel-handle/httpd_selected_runs_plot.tex
httpd,promise,PromiseTune,lower,100,30163.68,/home/lhy/constraint-tuning/ConstrainTune-db/RQ1&2parrel-handle/httpd_selected_runs_plot.tex
httpd,promise,PromiseTune,lower,120,30457.47,/home/lhy/constraint-tuning/ConstrainTune-db/RQ1&2parrel-handle/httpd_selected_runs_plot.tex
httpd,promise,PromiseTune,lower,140,31109.56,/home/lhy/constraint-tuning/ConstrainTune-db/RQ1&2parrel-handle/httpd_selected_runs_plot.tex
httpd,promise,PromiseTune,lower,160,31122.47,/home/lhy/constraint-tuning/ConstrainTune-db/RQ1&2parrel-handle/httpd_selected_runs_plot.tex
httpd,promise,PromiseTune,lower,180,31149.96,/home/lhy/constraint-tuning/ConstrainTune-db/RQ1&2parrel-handle/httpd_selected_runs_plot.tex
httpd,promise,PromiseTune,lower,200,31239.49,/home/lhy/constraint-tuning/ConstrainTune-db/RQ1&2parrel-handle/httpd_selected_runs_plot.tex
httpd,bestconfig,BestConfig,upper,20,53838.54,/home/lhy/constraint-tuning/ConstrainTune-db/RQ1&2parrel-handle/httpd_selected_runs_plot.tex
httpd,bestconfig,BestConfig,upper,40,54296.14,/home/lhy/constraint-tuning/ConstrainTune-db/RQ1&2parrel-handle/httpd_selected_runs_plot.tex
httpd,bestconfig,BestConfig,upper,60,55293.66,/home/lhy/constraint-tuning/ConstrainTune-db/RQ1&2parrel-handle/httpd_selected_runs_plot.tex
httpd,bestconfig,BestConfig,upper,80,56503.98,/home/lhy/constraint-tuning/ConstrainTune-db/RQ1&2parrel-handle/httpd_selected_runs_plot.tex
httpd,bestconfig,BestConfig,upper,100,56503.98,/home/lhy/constraint-tuning/ConstrainTune-db/RQ1&2parrel-handle/httpd_selected_runs_plot.tex
httpd,bestconfig,BestConfig,upper,120,56503.98,/home/lhy/constraint-tuning/ConstrainTune-db/RQ1&2parrel-handle/httpd_selected_runs_plot.tex
httpd,bestconfig,BestConfig,upper,140,56868.92,/home/lhy/constraint-tuning/ConstrainTune-db/RQ1&2parrel-handle/httpd_selected_runs_plot.tex
httpd,bestconfig,BestConfig,upper,160,56868.92,/home/lhy/constraint-tuning/ConstrainTune-db/RQ1&2parrel-handle/httpd_selected_runs_plot.tex
httpd,bestconfig,BestConfig,upper,180,56868.92,/home/lhy/constraint-tuning/ConstrainTune-db/RQ1&2parrel-handle/httpd_selected_runs_plot.tex
httpd,bestconfig,BestConfig,upper,200,56908.85,/home/lhy/constraint-tuning/ConstrainTune-db/RQ1&2parrel-handle/httpd_selected_runs_plot.tex
httpd,bestconfig,BestConfig,lower,20,9186.00,/home/lhy/constraint-tuning/ConstrainTune-db/RQ1&2parrel-handle/httpd_selected_runs_plot.tex
httpd,bestconfig,BestConfig,lower,40,12012.46,/home/lhy/constraint-tuning/ConstrainTune-db/RQ1&2parrel-handle/httpd_selected_runs_plot.tex
httpd,bestconfig,BestConfig,lower,60,12026.13,/home/lhy/constraint-tuning/ConstrainTune-db/RQ1&2parrel-handle/httpd_selected_runs_plot.tex
httpd,bestconfig,BestConfig,lower,80,12157.31,/home/lhy/constraint-tuning/ConstrainTune-db/RQ1&2parrel-handle/httpd_selected_runs_plot.tex
httpd,bestconfig,BestConfig,lower,100,12157.31,/home/lhy/constraint-tuning/ConstrainTune-db/RQ1&2parrel-handle/httpd_selected_runs_plot.tex
httpd,bestconfig,BestConfig,lower,120,12157.31,/home/lhy/constraint-tuning/ConstrainTune-db/RQ1&2parrel-handle/httpd_selected_runs_plot.tex
httpd,bestconfig,BestConfig,lower,140,12217.43,/home/lhy/constraint-tuning/ConstrainTune-db/RQ1&2parrel-handle/httpd_selected_runs_plot.tex
httpd,bestconfig,BestConfig,lower,160,12217.43,/home/lhy/constraint-tuning/ConstrainTune-db/RQ1&2parrel-handle/httpd_selected_runs_plot.tex
httpd,bestconfig,BestConfig,lower,180,12217.43,/home/lhy/constraint-tuning/ConstrainTune-db/RQ1&2parrel-handle/httpd_selected_runs_plot.tex
httpd,bestconfig,BestConfig,lower,200,12370.43,/home/lhy/constraint-tuning/ConstrainTune-db/RQ1&2parrel-handle/httpd_selected_runs_plot.tex
httpd,spl,SPL,upper,20,25350.58,/home/lhy/constraint-tuning/ConstrainTune-db/RQ1&2parrel-handle/httpd_selected_runs_plot.tex
httpd,spl,SPL,upper,40,39885.59,/home/lhy/constraint-tuning/ConstrainTune-db/RQ1&2parrel-handle/httpd_selected_runs_plot.tex
httpd,spl,SPL,upper,60,43634.09,/home/lhy/constraint-tuning/ConstrainTune-db/RQ1&2parrel-handle/httpd_selected_runs_plot.tex
httpd,spl,SPL,upper,80,43634.09,/home/lhy/constraint-tuning/ConstrainTune-db/RQ1&2parrel-handle/httpd_selected_runs_plot.tex
httpd,spl,SPL,upper,100,43634.09,/home/lhy/constraint-tuning/ConstrainTune-db/RQ1&2parrel-handle/httpd_selected_runs_plot.tex
httpd,spl,SPL,upper,120,43634.09,/home/lhy/constraint-tuning/ConstrainTune-db/RQ1&2parrel-handle/httpd_selected_runs_plot.tex
httpd,spl,SPL,upper,140,43634.09,/home/lhy/constraint-tuning/ConstrainTune-db/RQ1&2parrel-handle/httpd_selected_runs_plot.tex
httpd,spl,SPL,upper,160,43634.09,/home/lhy/constraint-tuning/ConstrainTune-db/RQ1&2parrel-handle/httpd_selected_runs_plot.tex
httpd,spl,SPL,upper,180,48951.36,/home/lhy/constraint-tuning/ConstrainTune-db/RQ1&2parrel-handle/httpd_selected_runs_plot.tex
httpd,spl,SPL,upper,200,52965.73,/home/lhy/constraint-tuning/ConstrainTune-db/RQ1&2parrel-handle/httpd_selected_runs_plot.tex
httpd,spl,SPL,lower,20,19361.86,/home/lhy/constraint-tuning/ConstrainTune-db/RQ1&2parrel-handle/httpd_selected_runs_plot.tex
httpd,spl,SPL,lower,40,17556.06,/home/lhy/constraint-tuning/ConstrainTune-db/RQ1&2parrel-handle/httpd_selected_runs_plot.tex
httpd,spl,SPL,lower,60,23987.74,/home/lhy/constraint-tuning/ConstrainTune-db/RQ1&2parrel-handle/httpd_selected_runs_plot.tex
httpd,spl,SPL,lower,80,23987.74,/home/lhy/constraint-tuning/ConstrainTune-db/RQ1&2parrel-handle/httpd_selected_runs_plot.tex
httpd,spl,SPL,lower,100,23987.74,/home/lhy/constraint-tuning/ConstrainTune-db/RQ1&2parrel-handle/httpd_selected_runs_plot.tex
httpd,spl,SPL,lower,120,23987.74,/home/lhy/constraint-tuning/ConstrainTune-db/RQ1&2parrel-handle/httpd_selected_runs_plot.tex
httpd,spl,SPL,lower,140,23987.74,/home/lhy/constraint-tuning/ConstrainTune-db/RQ1&2parrel-handle/httpd_selected_runs_plot.tex
httpd,spl,SPL,lower,160,23987.74,/home/lhy/constraint-tuning/ConstrainTune-db/RQ1&2parrel-handle/httpd_selected_runs_plot.tex
httpd,spl,SPL,lower,180,27406.26,/home/lhy/constraint-tuning/ConstrainTune-db/RQ1&2parrel-handle/httpd_selected_runs_plot.tex
httpd,spl,SPL,lower,200,31284.82,/home/lhy/constraint-tuning/ConstrainTune-db/RQ1&2parrel-handle/httpd_selected_runs_plot.tex
httpd,hebo_dt,HEBO+DepTune,mean,20,33210.70,/home/lhy/constraint-tuning/ConstrainTune-db/RQ1&2parrel-handle/httpd_selected_runs_plot.tex
httpd,hebo_dt,HEBO+DepTune,mean,40,35458.47,/home/lhy/constraint-tuning/ConstrainTune-db/RQ1&2parrel-handle/httpd_selected_runs_plot.tex
httpd,hebo_dt,HEBO+DepTune,mean,60,35920.90,/home/lhy/constraint-tuning/ConstrainTune-db/RQ1&2parrel-handle/httpd_selected_runs_plot.tex
httpd,hebo_dt,HEBO+DepTune,mean,80,35999.95,/home/lhy/constraint-tuning/ConstrainTune-db/RQ1&2parrel-handle/httpd_selected_runs_plot.tex
httpd,hebo_dt,HEBO+DepTune,mean,100,40163.93,/home/lhy/constraint-tuning/ConstrainTune-db/RQ1&2parrel-handle/httpd_selected_runs_plot.tex
httpd,hebo_dt,HEBO+DepTune,mean,120,40163.93,/home/lhy/constraint-tuning/ConstrainTune-db/RQ1&2parrel-handle/httpd_selected_runs_plot.tex
httpd,hebo_dt,HEBO+DepTune,mean,140,40227.38,/home/lhy/constraint-tuning/ConstrainTune-db/RQ1&2parrel-handle/httpd_selected_runs_plot.tex
httpd,hebo_dt,HEBO+DepTune,mean,160,46485.99,/home/lhy/constraint-tuning/ConstrainTune-db/RQ1&2parrel-handle/httpd_selected_runs_plot.tex
httpd,hebo_dt,HEBO+DepTune,mean,180,46804.45,/home/lhy/constraint-tuning/ConstrainTune-db/RQ1&2parrel-handle/httpd_selected_runs_plot.tex
httpd,hebo_dt,HEBO+DepTune,mean,200,46804.45,/home/lhy/constraint-tuning/ConstrainTune-db/RQ1&2parrel-handle/httpd_selected_runs_plot.tex
httpd,flash,FLASH,mean,20,35213.93,/home/lhy/constraint-tuning/ConstrainTune-db/RQ1&2parrel-handle/httpd_selected_runs_plot.tex
httpd,flash,FLASH,mean,40,35213.93,/home/lhy/constraint-tuning/ConstrainTune-db/RQ1&2parrel-handle/httpd_selected_runs_plot.tex
httpd,flash,FLASH,mean,60,35213.93,/home/lhy/constraint-tuning/ConstrainTune-db/RQ1&2parrel-handle/httpd_selected_runs_plot.tex
httpd,flash,FLASH,mean,80,35213.93,/home/lhy/constraint-tuning/ConstrainTune-db/RQ1&2parrel-handle/httpd_selected_runs_plot.tex
httpd,flash,FLASH,mean,100,35213.93,/home/lhy/constraint-tuning/ConstrainTune-db/RQ1&2parrel-handle/httpd_selected_runs_plot.tex
httpd,flash,FLASH,mean,120,35213.93,/home/lhy/constraint-tuning/ConstrainTune-db/RQ1&2parrel-handle/httpd_selected_runs_plot.tex
httpd,flash,FLASH,mean,140,35213.93,/home/lhy/constraint-tuning/ConstrainTune-db/RQ1&2parrel-handle/httpd_selected_runs_plot.tex
httpd,flash,FLASH,mean,160,35213.93,/home/lhy/constraint-tuning/ConstrainTune-db/RQ1&2parrel-handle/httpd_selected_runs_plot.tex
httpd,flash,FLASH,mean,180,35213.93,/home/lhy/constraint-tuning/ConstrainTune-db/RQ1&2parrel-handle/httpd_selected_runs_plot.tex
httpd,flash,FLASH,mean,200,35213.93,/home/lhy/constraint-tuning/ConstrainTune-db/RQ1&2parrel-handle/httpd_selected_runs_plot.tex
httpd,promise,PromiseTune,mean,20,23176.98,/home/lhy/constraint-tuning/ConstrainTune-db/RQ1&2parrel-handle/httpd_selected_runs_plot.tex
httpd,promise,PromiseTune,mean,40,29947.47,/home/lhy/constraint-tuning/ConstrainTune-db/RQ1&2parrel-handle/httpd_selected_runs_plot.tex
httpd,promise,PromiseTune,mean,60,32300.28,/home/lhy/constraint-tuning/ConstrainTune-db/RQ1&2parrel-handle/httpd_selected_runs_plot.tex
httpd,promise,PromiseTune,mean,80,36364.59,/home/lhy/constraint-tuning/ConstrainTune-db/RQ1&2parrel-handle/httpd_selected_runs_plot.tex
httpd,promise,PromiseTune,mean,100,38386.61,/home/lhy/constraint-tuning/ConstrainTune-db/RQ1&2parrel-handle/httpd_selected_runs_plot.tex
httpd,promise,PromiseTune,mean,120,39773.64,/home/lhy/constraint-tuning/ConstrainTune-db/RQ1&2parrel-handle/httpd_selected_runs_plot.tex
httpd,promise,PromiseTune,mean,140,41154.96,/home/lhy/constraint-tuning/ConstrainTune-db/RQ1&2parrel-handle/httpd_selected_runs_plot.tex
httpd,promise,PromiseTune,mean,160,41244.73,/home/lhy/constraint-tuning/ConstrainTune-db/RQ1&2parrel-handle/httpd_selected_runs_plot.tex
httpd,promise,PromiseTune,mean,180,41659.77,/home/lhy/constraint-tuning/ConstrainTune-db/RQ1&2parrel-handle/httpd_selected_runs_plot.tex
httpd,promise,PromiseTune,mean,200,41986.81,/home/lhy/constraint-tuning/ConstrainTune-db/RQ1&2parrel-handle/httpd_selected_runs_plot.tex
httpd,bestconfig,BestConfig,mean,20,31512.27,/home/lhy/constraint-tuning/ConstrainTune-db/RQ1&2parrel-handle/httpd_selected_runs_plot.tex
httpd,bestconfig,BestConfig,mean,40,33154.30,/home/lhy/constraint-tuning/ConstrainTune-db/RQ1&2parrel-handle/httpd_selected_runs_plot.tex
httpd,bestconfig,BestConfig,mean,60,33659.90,/home/lhy/constraint-tuning/ConstrainTune-db/RQ1&2parrel-handle/httpd_selected_runs_plot.tex
httpd,bestconfig,BestConfig,mean,80,34330.65,/home/lhy/constraint-tuning/ConstrainTune-db/RQ1&2parrel-handle/httpd_selected_runs_plot.tex
httpd,bestconfig,BestConfig,mean,100,34330.65,/home/lhy/constraint-tuning/ConstrainTune-db/RQ1&2parrel-handle/httpd_selected_runs_plot.tex
httpd,bestconfig,BestConfig,mean,120,34330.65,/home/lhy/constraint-tuning/ConstrainTune-db/RQ1&2parrel-handle/httpd_selected_runs_plot.tex
httpd,bestconfig,BestConfig,mean,140,34543.17,/home/lhy/constraint-tuning/ConstrainTune-db/RQ1&2parrel-handle/httpd_selected_runs_plot.tex
httpd,bestconfig,BestConfig,mean,160,34543.17,/home/lhy/constraint-tuning/ConstrainTune-db/RQ1&2parrel-handle/httpd_selected_runs_plot.tex
httpd,bestconfig,BestConfig,mean,180,34543.17,/home/lhy/constraint-tuning/ConstrainTune-db/RQ1&2parrel-handle/httpd_selected_runs_plot.tex
httpd,bestconfig,BestConfig,mean,200,34639.64,/home/lhy/constraint-tuning/ConstrainTune-db/RQ1&2parrel-handle/httpd_selected_runs_plot.tex
httpd,spl,SPL,mean,20,22356.22,/home/lhy/constraint-tuning/ConstrainTune-db/RQ1&2parrel-handle/httpd_selected_runs_plot.tex
httpd,spl,SPL,mean,40,28720.83,/home/lhy/constraint-tuning/ConstrainTune-db/RQ1&2parrel-handle/httpd_selected_runs_plot.tex
httpd,spl,SPL,mean,60,33810.92,/home/lhy/constraint-tuning/ConstrainTune-db/RQ1&2parrel-handle/httpd_selected_runs_plot.tex
httpd,spl,SPL,mean,80,33810.92,/home/lhy/constraint-tuning/ConstrainTune-db/RQ1&2parrel-handle/httpd_selected_runs_plot.tex
httpd,spl,SPL,mean,100,33810.92,/home/lhy/constraint-tuning/ConstrainTune-db/RQ1&2parrel-handle/httpd_selected_runs_plot.tex
httpd,spl,SPL,mean,120,33810.92,/home/lhy/constraint-tuning/ConstrainTune-db/RQ1&2parrel-handle/httpd_selected_runs_plot.tex
httpd,spl,SPL,mean,140,33810.92,/home/lhy/constraint-tuning/ConstrainTune-db/RQ1&2parrel-handle/httpd_selected_runs_plot.tex
httpd,spl,SPL,mean,160,33810.92,/home/lhy/constraint-tuning/ConstrainTune-db/RQ1&2parrel-handle/httpd_selected_runs_plot.tex
httpd,spl,SPL,mean,180,38178.81,/home/lhy/constraint-tuning/ConstrainTune-db/RQ1&2parrel-handle/httpd_selected_runs_plot.tex
httpd,spl,SPL,mean,200,42125.28,/home/lhy/constraint-tuning/ConstrainTune-db/RQ1&2parrel-handle/httpd_selected_runs_plot.tex
